atm_id,date,location_type,nearby_population,income_level,holiday_flag,local_event_flag,season,forecasted_cash_demand
1096,2023-01-01,Rural,13123,High,0,1,Winter,10000.0
1050,2023-01-02,Urban,129657,Medium,0,0,Winter,10000.0
1060,2023-01-03,Suburban,69842,Medium,1,0,Summer,10000.0
1015,2023-01-04,Suburban,36342,Medium,0,0,Winter,10000.0
1047,2023-01-05,Urban,68152,Low,1,0,Monsoon,10000.0
1072,2023-01-06,Urban,142284,Medium,1,1,Winter,10000.0
1024,2023-01-07,Urban,124470,Medium,0,0,Monsoon,10000.0
1085,2023-01-08,Suburban,75549,Low,0,1,Summer,10000.0
1043,2023-01-09,Urban,100065,Low,0,0,Monsoon,10000.0
1058,2023-01-10,Suburban,68829,Low,1,0,Summer,10000.0
1025,2023-01-11,Urban,85362,Medium,0,0,Winter,10000.0
1087,2023-01-12,Urban,103848,High,0,0,Winter,10000.0
1040,2023-01-13,Suburban,20768,Low,0,0,Winter,10000.0
1037,2023-01-14,Urban,168787,Medium,0,0,Winter,10000.0
1013,2023-01-15,Rural,11080,Medium,0,0,Monsoon,10000.0
1041,2023-01-16,Suburban,55332,Medium,0,0,Winter,10000.0
1032,2023-01-17,Urban,95374,High,1,0,Summer,10000.0
1037,2023-01-18,Urban,198435,High,1,0,Monsoon,10000.0
1055,2023-01-19,Urban,177289,Medium,0,0,Winter,10000.0
1071,2023-01-20,Urban,80929,Low,0,0,Monsoon,10000.0
1071,2023-01-21,Urban,76346,High,0,0,Winter,10000.0
1086,2023-01-22,Suburban,40114,Low,0,0,Summer,10000.0
1091,2023-01-23,Suburban,23445,Medium,0,0,Monsoon,10000.0
1092,2023-01-24,Urban,196233,Low,1,0,Monsoon,10000.0
1007,2023-01-25,Urban,116021,Medium,0,1,Monsoon,10000.0
1002,2023-01-26,Urban,138868,Low,0,0,Monsoon,10000.0
1060,2023-01-27,Urban,121424,Low,0,0,Winter,10000.0
1042,2023-01-28,Urban,75310,Low,0,0,Winter,10000.0
1059,2023-01-29,Suburban,61427,Medium,0,0,Summer,10000.0
1018,2023-01-30,Urban,119211,Medium,0,0,Summer,10000.0
1067,2023-01-31,Urban,190106,Medium,0,0,Winter,10000.0
1036,2023-02-01,Urban,122251,Low,0,0,Monsoon,10000.0
1002,2023-02-02,Rural,9811,High,0,0,Monsoon,10000.0
1071,2023-02-03,Suburban,76540,Low,0,0,Winter,10000.0
1056,2023-02-04,Rural,6908,Medium,0,0,Winter,10000.0
1041,2023-02-05,Rural,22128,Medium,0,0,Winter,10000.0
1022,2023-02-06,Suburban,21802,Low,0,1,Summer,10000.0
1081,2023-02-07,Suburban,21880,Medium,0,0,Summer,10000.0
1031,2023-02-08,Suburban,39251,High,0,0,Winter,10000.0
1014,2023-02-09,Urban,104803,Medium,0,0,Summer,10000.0
1073,2023-02-10,Urban,107692,Medium,0,0,Winter,10000.0
1030,2023-02-11,Suburban,67586,High,0,0,Summer,10000.0
1083,2023-02-12,Urban,108454,Medium,0,0,Winter,10000.0
1007,2023-02-13,Rural,9924,High,1,0,Summer,10000.0
1041,2023-02-14,Urban,180573,Medium,0,0,Summer,10000.0
1005,2023-02-15,Urban,176546,Medium,0,1,Winter,10000.0
1078,2023-02-16,Urban,159091,Medium,0,0,Summer,10000.0
1094,2023-02-17,Suburban,48029,Low,0,0,Summer,10000.0
1065,2023-02-18,Urban,158385,Medium,0,0,Monsoon,10000.0
1022,2023-02-19,Urban,197834,Medium,1,0,Winter,10000.0
1016,2023-02-20,Rural,17681,High,0,0,Summer,10000.0
1093,2023-02-21,Rural,6842,Medium,0,0,Winter,10000.0
1011,2023-02-22,Suburban,21169,Medium,0,1,Summer,10000.0
1087,2023-02-23,Suburban,70563,Medium,0,0,Summer,10000.0
1055,2023-02-24,Urban,143846,High,1,0,Monsoon,10000.0
1007,2023-02-25,Urban,63041,High,0,0,Winter,10000.0
1072,2023-02-26,Rural,24107,Low,1,0,Monsoon,10000.0
1081,2023-02-27,Urban,101737,Medium,0,0,Monsoon,10000.0
1099,2023-02-28,Urban,54847,High,0,0,Monsoon,10000.0
1043,2023-03-01,Suburban,31327,High,0,0,Summer,10000.0
1074,2023-03-02,Rural,13791,High,1,0,Winter,10000.0
1075,2023-03-03,Suburban,44144,Low,1,0,Winter,10000.0
1081,2023-03-04,Suburban,38836,Medium,0,1,Winter,10000.0
1071,2023-03-05,Suburban,27729,Low,0,0,Monsoon,10000.0
1062,2023-03-06,Suburban,22490,Medium,0,0,Winter,10000.0
1086,2023-03-07,Suburban,50831,Medium,0,0,Monsoon,10000.0
1029,2023-03-08,Urban,170033,Medium,0,0,Summer,10000.0
1014,2023-03-09,Suburban,56463,High,0,0,Monsoon,10000.0
1008,2023-03-10,Suburban,20255,Medium,1,0,Monsoon,10000.0
1049,2023-03-11,Urban,179187,Medium,0,0,Winter,10000.0
1017,2023-03-12,Urban,90557,Medium,1,0,Winter,10000.0
1071,2023-03-13,Urban,92421,Medium,1,0,Summer,10000.0
1097,2023-03-14,Urban,194314,Medium,0,0,Winter,10000.0
1099,2023-03-15,Suburban,42087,Medium,1,0,Summer,10000.0
1038,2023-03-16,Urban,54885,High,0,0,Summer,10000.0
1040,2023-03-17,Urban,187531,Medium,0,0,Monsoon,10000.0
1077,2023-03-18,Rural,6766,Medium,0,0,Winter,10000.0
1022,2023-03-19,Rural,17469,Medium,0,0,Summer,10000.0
1096,2023-03-20,Urban,181124,Medium,0,0,Monsoon,10000.0
1086,2023-03-21,Urban,59302,Medium,0,0,Winter,10000.0
1060,2023-03-22,Urban,99209,Low,0,0,Winter,10000.0
1047,2023-03-23,Rural,21060,Low,0,0,Summer,10000.0
1045,2023-03-24,Urban,67135,Medium,0,0,Summer,10000.0
1082,2023-03-25,Rural,5644,Medium,0,0,Monsoon,10000.0
1077,2023-03-26,Urban,103633,High,0,0,Winter,10000.0
1000,2023-03-27,Urban,96668,Low,0,0,Winter,10000.0
1059,2023-03-28,Urban,93632,Low,0,0,Winter,10000.0
1094,2023-03-29,Rural,17098,High,0,0,Winter,10000.0
1027,2023-03-30,Urban,100964,Medium,0,1,Summer,10000.0
1099,2023-03-31,Urban,70296,Medium,0,0,Summer,10000.0
1016,2023-04-01,Suburban,48425,Low,0,0,Monsoon,10000.0
1063,2023-04-02,Suburban,22472,Low,1,0,Monsoon,10000.0
1068,2023-04-03,Suburban,52425,Low,0,0,Winter,10000.0
1004,2023-04-04,Urban,130351,Low,0,0,Summer,10000.0
1066,2023-04-05,Suburban,26583,Medium,0,0,Monsoon,10000.0
1080,2023-04-06,Urban,168643,Low,0,0,Summer,10000.0
1018,2023-04-07,Suburban,57400,Low,0,0,Monsoon,10000.0
1090,2023-04-08,Urban,167353,Low,0,0,Winter,10000.0
1005,2023-04-09,Urban,194723,High,0,0,Winter,10750.52
1092,2023-04-10,Suburban,71637,High,0,0,Winter,10000.0
1011,2023-04-11,Urban,102323,Medium,0,0,Winter,10000.0
1003,2023-04-12,Urban,158552,Medium,0,0,Winter,10000.0
1070,2023-04-13,Urban,184504,Low,0,0,Summer,10000.0
1002,2023-04-14,Urban,56987,Medium,0,0,Monsoon,10000.0
1038,2023-04-15,Urban,50672,Low,0,0,Monsoon,10000.0
1069,2023-04-16,Urban,61602,Medium,0,0,Winter,10000.0
1020,2023-04-17,Urban,141799,Low,0,1,Monsoon,10000.0
1081,2023-04-18,Rural,12865,Medium,0,0,Monsoon,10000.0
1065,2023-04-19,Rural,13508,High,1,0,Winter,10000.0
1097,2023-04-20,Rural,18977,Medium,0,0,Winter,10000.0
1026,2023-04-21,Urban,108176,High,0,0,Monsoon,10000.0
1016,2023-04-22,Suburban,41017,Low,0,0,Monsoon,10000.0
1033,2023-04-23,Rural,8986,Medium,0,1,Monsoon,10000.0
1091,2023-04-24,Rural,18074,Medium,0,0,Summer,10000.0
1080,2023-04-25,Suburban,38174,Medium,0,0,Summer,10000.0
1019,2023-04-26,Rural,5754,High,0,0,Winter,10000.0
1011,2023-04-27,Urban,184485,Low,0,0,Summer,10000.0
1029,2023-04-28,Urban,57879,Medium,0,0,Monsoon,10000.0
1027,2023-04-29,Urban,111789,Medium,0,0,Winter,10000.0
1024,2023-04-30,Rural,13289,Medium,0,0,Monsoon,10000.0
1067,2023-05-01,Urban,65415,Low,0,1,Monsoon,10000.0
1044,2023-05-02,Urban,107166,Medium,0,0,Monsoon,10000.0
1096,2023-05-03,Urban,189365,High,0,0,Monsoon,10000.0
1016,2023-05-04,Suburban,22637,High,1,1,Summer,10000.0
1090,2023-05-05,Urban,165770,Medium,0,0,Monsoon,10000.0
1013,2023-05-06,Suburban,20856,High,1,0,Summer,10000.0
1090,2023-05-07,Suburban,57606,Low,0,0,Summer,10000.0
1036,2023-05-08,Suburban,65645,Medium,1,1,Monsoon,10000.0
1088,2023-05-09,Suburban,68482,Medium,1,0,Winter,10000.0
1033,2023-05-10,Suburban,51822,Medium,0,0,Winter,10000.0
1003,2023-05-11,Rural,16503,Medium,0,0,Summer,10000.0
1072,2023-05-12,Urban,173451,Medium,0,0,Summer,10000.0
1025,2023-05-13,Urban,101357,Medium,0,0,Monsoon,10000.0
1003,2023-05-14,Rural,13658,Medium,1,0,Winter,10000.0
1010,2023-05-15,Rural,24467,Medium,0,0,Winter,10000.0
1049,2023-05-16,Rural,18957,High,0,0,Winter,10000.0
1072,2023-05-17,Suburban,46858,High,0,1,Winter,10000.0
1056,2023-05-18,Rural,17915,Low,0,0,Winter,10000.0
1011,2023-05-19,Urban,184659,High,0,0,Monsoon,10000.0
1084,2023-05-20,Suburban,42517,Medium,0,1,Monsoon,10000.0
1085,2023-05-21,Urban,68178,Low,0,0,Summer,10000.0
1041,2023-05-22,Suburban,21132,Medium,0,0,Summer,10000.0
1087,2023-05-23,Urban,73587,Medium,1,0,Monsoon,10000.0
1098,2023-05-24,Urban,189874,Medium,0,0,Winter,10000.0
1062,2023-05-25,Urban,110004,High,0,0,Summer,10000.0
1097,2023-05-26,Urban,175218,Medium,0,0,Winter,10441.28
1023,2023-05-27,Suburban,69284,High,1,0,Monsoon,10000.0
1062,2023-05-28,Rural,9126,High,1,0,Winter,10000.0
1062,2023-05-29,Suburban,35776,High,1,1,Monsoon,10000.0
1032,2023-05-30,Rural,29488,Medium,0,0,Summer,10000.0
1005,2023-05-31,Suburban,32455,Low,0,0,Summer,10000.0
1023,2023-06-01,Urban,108093,High,0,0,Summer,10000.0
1002,2023-06-02,Urban,97114,High,0,0,Summer,10000.0
1020,2023-06-03,Urban,197291,High,0,0,Summer,10000.0
1076,2023-06-04,Urban,186996,Medium,0,0,Winter,10000.0
1045,2023-06-05,Suburban,44061,Medium,1,0,Monsoon,10000.0
1030,2023-06-06,Urban,178850,Medium,0,1,Winter,11721.2
1033,2023-06-07,Rural,12554,Medium,1,0,Monsoon,10000.0
1065,2023-06-08,Urban,123535,Medium,0,0,Summer,10000.0
1020,2023-06-09,Urban,88729,Medium,0,0,Summer,10000.0
1095,2023-06-10,Suburban,71605,High,0,1,Monsoon,10000.0
1012,2023-06-11,Urban,118242,Low,0,0,Summer,10000.0
1039,2023-06-12,Rural,14381,Medium,1,1,Monsoon,10000.0
1066,2023-06-13,Urban,99555,High,0,0,Monsoon,10000.0
1023,2023-06-14,Rural,18247,Medium,0,0,Summer,10000.0
1069,2023-06-15,Rural,16387,Medium,0,0,Summer,10000.0
1077,2023-06-16,Suburban,73316,Low,0,0,Summer,10000.0
1095,2023-06-17,Urban,55472,Medium,0,1,Summer,10000.0
1059,2023-06-18,Urban,120793,Medium,0,0,Monsoon,10000.0
1050,2023-06-19,Urban,189319,Low,0,0,Winter,10000.0
1026,2023-06-20,Suburban,70091,Medium,0,1,Monsoon,10000.0
1041,2023-06-21,Urban,137334,Medium,0,0,Summer,10000.0
1010,2023-06-22,Urban,145778,High,0,0,Monsoon,10000.0
1079,2023-06-23,Urban,156783,High,1,0,Winter,10000.0
1081,2023-06-24,Suburban,69137,Low,0,0,Summer,10000.0
1032,2023-06-25,Urban,198343,High,0,0,Summer,10000.0
1024,2023-06-26,Urban,121788,Medium,0,0,Winter,10000.0
1063,2023-06-27,Suburban,31923,Medium,0,0,Winter,10000.0
1020,2023-06-28,Urban,177444,Low,0,0,Monsoon,10000.0
1047,2023-06-29,Suburban,69640,Medium,0,1,Monsoon,10000.0
1091,2023-06-30,Suburban,66885,Medium,1,0,Monsoon,10000.0
1092,2023-07-01,Urban,126626,High,0,0,Monsoon,10000.0
1095,2023-07-02,Urban,188385,Medium,0,0,Summer,10000.0
1034,2023-07-03,Suburban,55142,Medium,0,1,Winter,10000.0
1094,2023-07-04,Suburban,53087,Medium,0,0,Summer,10000.0
1066,2023-07-05,Rural,19701,Medium,0,0,Summer,10000.0
1055,2023-07-06,Urban,153220,High,0,0,Winter,10000.0
1009,2023-07-07,Suburban,39903,High,0,0,Monsoon,10000.0
1009,2023-07-08,Urban,175730,Medium,0,0,Winter,10000.0
1012,2023-07-09,Urban,53343,High,0,0,Winter,10000.0
1085,2023-07-10,Urban,103667,Medium,0,0,Monsoon,10000.0
1085,2023-07-11,Urban,124839,Medium,0,0,Winter,10000.0
1022,2023-07-12,Urban,83864,Low,0,0,Summer,10000.0
1039,2023-07-13,Suburban,31760,Medium,1,0,Summer,10000.0
1051,2023-07-14,Urban,119295,Medium,0,0,Monsoon,10000.0
1075,2023-07-15,Urban,142740,Medium,0,0,Monsoon,10000.0
1018,2023-07-16,Suburban,71423,High,0,0,Winter,10000.0
1098,2023-07-17,Suburban,35894,Medium,0,0,Summer,10000.0
1052,2023-07-18,Urban,94433,Low,0,0,Monsoon,10000.0
1076,2023-07-19,Suburban,54808,Medium,0,0,Monsoon,10000.0
1006,2023-07-20,Urban,98735,Medium,0,1,Summer,10000.0
1020,2023-07-21,Suburban,64280,Medium,0,1,Winter,10000.0
1057,2023-07-22,Suburban,60928,Medium,0,0,Winter,10000.0
1091,2023-07-23,Urban,96413,High,0,0,Winter,10000.0
1024,2023-07-24,Urban,113098,High,0,0,Winter,10000.0
1072,2023-07-25,Urban,94631,Medium,0,0,Summer,10000.0
1066,2023-07-26,Urban,176406,Medium,1,0,Winter,10759.28
1065,2023-07-27,Suburban,35867,Medium,0,1,Summer,10000.0
1023,2023-07-28,Rural,25799,Medium,0,0,Summer,10000.0
1068,2023-07-29,Rural,18090,Medium,0,0,Monsoon,10000.0
1028,2023-07-30,Rural,12473,High,0,0,Winter,10000.0
1049,2023-07-31,Rural,26888,High,0,0,Summer,10000.0
1093,2023-08-01,Rural,6261,Medium,0,0,Monsoon,10000.0
1032,2023-08-02,Urban,89206,High,0,0,Monsoon,10000.0
1006,2023-08-03,Suburban,28260,Medium,0,0,Winter,10000.0
1038,2023-08-04,Urban,199013,Low,0,0,Summer,10000.0
1037,2023-08-05,Rural,14662,Low,0,0,Monsoon,10000.0
1052,2023-08-06,Suburban,73719,High,0,0,Summer,10000.0
1046,2023-08-07,Urban,73160,Medium,1,0,Monsoon,10000.0
1018,2023-08-08,Urban,169915,Medium,0,1,Summer,10000.0
1059,2023-08-09,Suburban,45552,Low,0,0,Monsoon,10000.0
1057,2023-08-10,Suburban,43901,High,0,0,Summer,10000.0
1060,2023-08-11,Urban,154402,Medium,0,0,Monsoon,10000.0
1047,2023-08-12,Urban,180372,Medium,0,1,Monsoon,10000.0
1033,2023-08-13,Urban,94441,Low,1,0,Monsoon,10000.0
1099,2023-08-14,Suburban,60366,High,0,1,Monsoon,10000.0
1011,2023-08-15,Urban,185906,High,0,0,Summer,10000.0
1068,2023-08-16,Suburban,27329,Medium,0,0,Summer,10000.0
1094,2023-08-17,Urban,165542,High,0,0,Monsoon,10000.0
1050,2023-08-18,Urban,101603,Low,0,1,Winter,10000.0
1024,2023-08-19,Rural,11381,High,0,0,Monsoon,10000.0
1060,2023-08-20,Rural,15208,Medium,0,1,Summer,10000.0
1068,2023-08-21,Rural,27204,Low,0,0,Monsoon,10000.0
1044,2023-08-22,Suburban,64450,High,0,0,Summer,10000.0
1070,2023-08-23,Rural,7778,High,0,0,Monsoon,10000.0
1072,2023-08-24,Suburban,68411,High,0,0,Summer,10000.0
1080,2023-08-25,Rural,19082,High,0,0,Summer,10000.0
1013,2023-08-26,Urban,160914,Medium,1,0,Monsoon,10000.0
1040,2023-08-27,Rural,21848,High,1,0,Winter,10000.0
1084,2023-08-28,Suburban,40766,Medium,0,0,Winter,10000.0
1014,2023-08-29,Urban,124634,Medium,0,1,Summer,10000.0
1060,2023-08-30,Suburban,23392,High,0,0,Summer,10000.0
1089,2023-08-31,Urban,96757,Medium,0,0,Summer,10000.0
1040,2023-09-01,Urban,151899,High,1,0,Monsoon,10000.0
1036,2023-09-02,Suburban,50949,High,0,0,Winter,10000.0
1021,2023-09-03,Urban,175465,Medium,0,0,Monsoon,10000.0
1066,2023-09-04,Urban,196485,High,0,0,Monsoon,10000.0
1002,2023-09-05,Rural,20511,Medium,0,0,Monsoon,10000.0
1057,2023-09-06,Urban,80431,Medium,0,0,Winter,10000.0
1059,2023-09-07,Rural,18174,Low,0,0,Summer,10000.0
1008,2023-09-08,Urban,109450,Medium,0,0,Summer,10000.0
1096,2023-09-09,Suburban,27899,Medium,0,0,Winter,10000.0
1038,2023-09-10,Rural,11615,High,0,0,Winter,10000.0
1068,2023-09-11,Urban,131683,Medium,0,1,Winter,10000.0
1094,2023-09-12,Urban,188417,Medium,0,0,Monsoon,10000.0
1065,2023-09-13,Rural,12443,Medium,0,1,Summer,10000.0
1069,2023-09-14,Urban,76186,Medium,0,0,Summer,10000.0
1058,2023-09-15,Rural,11424,High,0,0,Summer,10000.0
1031,2023-09-16,Urban,165923,High,0,0,Monsoon,10000.0
1043,2023-09-17,Rural,24413,Medium,0,0,Summer,10000.0
1045,2023-09-18,Urban,81286,High,1,0,Monsoon,10000.0
1021,2023-09-19,Urban,89180,Low,0,0,Monsoon,10000.0
1049,2023-09-20,Suburban,63067,High,0,0,Winter,10000.0
1013,2023-09-21,Rural,10774,Medium,0,0,Summer,10000.0
1097,2023-09-22,Urban,164153,Low,0,0,Summer,10000.0
1009,2023-09-23,Urban,165698,Low,0,0,Winter,10000.0
1098,2023-09-24,Rural,10152,High,0,0,Winter,10000.0
1098,2023-09-25,Urban,73466,Medium,0,0,Monsoon,10000.0
1000,2023-09-26,Urban,179200,Medium,0,0,Winter,10000.0
1037,2023-09-27,Suburban,69543,Medium,0,0,Winter,10000.0
1008,2023-09-28,Urban,167210,Medium,0,0,Summer,10000.0
1069,2023-09-29,Urban,75328,Medium,0,0,Summer,10000.0
1003,2023-09-30,Suburban,32237,Medium,0,0,Summer,10000.0
1016,2023-10-01,Urban,52132,Medium,0,0,Summer,10000.0
1018,2023-10-02,Suburban,21875,Low,0,0,Winter,10000.0
1062,2023-10-03,Urban,181286,Medium,0,0,Monsoon,10000.0
1048,2023-10-04,Suburban,75129,High,0,0,Monsoon,10000.0
1046,2023-10-05,Urban,185354,Medium,0,0,Winter,10000.0
1051,2023-10-06,Urban,107785,High,0,0,Monsoon,10000.0
1053,2023-10-07,Suburban,20412,Medium,0,0,Monsoon,10000.0
1040,2023-10-08,Suburban,39457,Medium,0,0,Summer,10000.0
1081,2023-10-09,Rural,26391,High,0,0,Winter,10000.0
1051,2023-10-10,Suburban,51843,Medium,0,0,Winter,10000.0
1089,2023-10-11,Suburban,31456,Low,0,0,Summer,10000.0
1067,2023-10-12,Urban,141917,Low,0,0,Summer,10000.0
1003,2023-10-13,Suburban,70400,Medium,0,0,Winter,10000.0
1002,2023-10-14,Urban,186400,Medium,1,0,Summer,10208.61
1032,2023-10-15,Urban,123461,High,0,0,Summer,10000.0
1021,2023-10-16,Urban,195543,Medium,0,0,Winter,10000.0
1082,2023-10-17,Urban,103306,Medium,0,0,Monsoon,10000.0
1087,2023-10-18,Urban,194643,Medium,0,0,Summer,10000.0
1072,2023-10-19,Suburban,25311,Low,0,1,Summer,10000.0
1087,2023-10-20,Rural,20834,Medium,0,0,Monsoon,10000.0
1066,2023-10-21,Urban,105063,Low,0,1,Monsoon,10000.0
1007,2023-10-22,Urban,103260,Low,1,0,Monsoon,10000.0
1054,2023-10-23,Urban,127327,Medium,0,0,Monsoon,10000.0
1052,2023-10-24,Rural,7261,Medium,0,0,Monsoon,10000.0
1053,2023-10-25,Urban,124578,High,0,0,Winter,10000.0
1003,2023-10-26,Urban,163078,Medium,1,0,Winter,10000.0
1049,2023-10-27,Suburban,53609,High,0,0,Winter,10000.0
1025,2023-10-28,Urban,173988,Medium,0,0,Summer,10000.0
1022,2023-10-29,Urban,154963,Low,0,0,Monsoon,10000.0
1012,2023-10-30,Suburban,60439,High,0,0,Summer,10000.0
1076,2023-10-31,Rural,10491,Medium,0,0,Summer,10000.0
1087,2023-11-01,Rural,25639,High,0,0,Monsoon,10000.0
1048,2023-11-02,Urban,145551,Medium,0,0,Summer,10000.0
1090,2023-11-03,Suburban,59706,High,0,0,Summer,10000.0
1015,2023-11-04,Suburban,74542,High,0,0,Winter,10000.0
1076,2023-11-05,Urban,72005,High,0,0,Summer,10000.0
1031,2023-11-06,Suburban,51428,Medium,0,0,Summer,10000.0
1093,2023-11-07,Urban,125329,High,0,0,Monsoon,10000.0
1055,2023-11-08,Urban,121129,Medium,1,0,Winter,10000.0
1052,2023-11-09,Rural,23065,Medium,0,0,Monsoon,10000.0
1097,2023-11-10,Urban,128557,High,1,0,Summer,10000.0
1079,2023-11-11,Suburban,25379,Medium,0,0,Winter,10000.0
1054,2023-11-12,Urban,55691,High,0,1,Winter,10000.0
1085,2023-11-13,Urban,162569,High,0,1,Monsoon,11466.47
1010,2023-11-14,Urban,130227,High,0,0,Summer,10000.0
1007,2023-11-15,Suburban,41750,Medium,0,0,Winter,10000.0
1044,2023-11-16,Urban,53536,High,1,0,Winter,10000.0
1025,2023-11-17,Suburban,44082,Medium,0,0,Summer,10000.0
1056,2023-11-18,Urban,97838,Low,0,0,Summer,10000.0
1040,2023-11-19,Urban,198399,Medium,0,0,Monsoon,10000.0
1059,2023-11-20,Urban,97953,High,1,1,Winter,10000.0
1020,2023-11-21,Suburban,24542,Medium,0,0,Summer,10000.0
1048,2023-11-22,Suburban,23570,Low,0,0,Winter,10000.0
1091,2023-11-23,Urban,128878,High,1,1,Summer,10000.0
1086,2023-11-24,Suburban,77405,Medium,1,0,Winter,10000.0
1011,2023-11-25,Urban,167868,Medium,0,0,Summer,10000.0
1024,2023-11-26,Suburban,33673,Medium,1,0,Winter,10000.0
1093,2023-11-27,Suburban,23051,Medium,0,0,Winter,10000.0
1026,2023-11-28,Rural,8180,Low,0,0,Winter,10000.0
1044,2023-11-29,Suburban,49888,High,0,1,Winter,10000.0
1060,2023-11-30,Urban,134289,Medium,0,0,Summer,10000.0
1001,2023-12-01,Urban,192918,Medium,0,0,Summer,10000.0
1014,2023-12-02,Suburban,33750,Medium,0,1,Monsoon,10000.0
1003,2023-12-03,Urban,102807,Low,0,0,Summer,10000.0
1056,2023-12-04,Urban,167146,Medium,0,0,Winter,10000.0
1004,2023-12-05,Urban,77853,Low,0,0,Winter,10000.0
1054,2023-12-06,Urban,157390,Medium,0,0,Winter,10000.0
1032,2023-12-07,Rural,20602,High,0,0,Monsoon,10000.0
1071,2023-12-08,Suburban,45931,High,0,0,Monsoon,10000.0
1091,2023-12-09,Urban,158883,Medium,0,0,Monsoon,10000.0
1052,2023-12-10,Suburban,26426,Low,0,0,Monsoon,10000.0
1040,2023-12-11,Suburban,67381,Medium,1,0,Summer,10000.0
1055,2023-12-12,Urban,104583,Medium,0,0,Monsoon,10000.0
1046,2023-12-13,Urban,155808,Low,0,0,Summer,10000.0
1054,2023-12-14,Urban,195243,High,0,0,Winter,11871.2
1006,2023-12-15,Urban,79798,Medium,0,0,Winter,10000.0
1014,2023-12-16,Urban,131310,Medium,0,0,Summer,10000.0
1081,2023-12-17,Urban,121234,Medium,0,0,Summer,10000.0
1068,2023-12-18,Suburban,31066,Low,0,0,Summer,10000.0
1063,2023-12-19,Suburban,28983,High,0,0,Winter,10000.0
1010,2023-12-20,Suburban,35875,Medium,0,0,Winter,10000.0
1056,2023-12-21,Rural,9735,Medium,0,0,Winter,10000.0
1053,2023-12-22,Urban,199544,Medium,0,0,Summer,10000.0
1072,2023-12-23,Urban,65541,High,0,0,Summer,10000.0
1095,2023-12-24,Urban,76311,High,0,0,Summer,10000.0
1098,2023-12-25,Urban,176180,Medium,0,0,Monsoon,10000.0
1072,2023-12-26,Suburban,50072,Medium,0,0,Winter,10000.0
1067,2023-12-27,Suburban,24146,Medium,0,0,Monsoon,10000.0
1095,2023-12-28,Urban,165770,High,0,0,Summer,10000.0
1086,2023-12-29,Urban,102703,High,0,0,Monsoon,10000.0
1072,2023-12-30,Rural,6685,High,0,0,Monsoon,10000.0
1076,2023-12-31,Urban,175659,Medium,0,0,Monsoon,10000.0
1027,2024-01-01,Rural,8068,Low,0,0,Winter,10000.0
1023,2024-01-02,Urban,106308,Medium,0,0,Monsoon,10000.0
1021,2024-01-03,Suburban,44822,Low,0,0,Monsoon,10000.0
1071,2024-01-04,Urban,153939,Medium,0,1,Summer,10000.0
1070,2024-01-05,Suburban,53252,High,0,0,Monsoon,10000.0
1089,2024-01-06,Suburban,70666,High,0,0,Monsoon,10000.0
1001,2024-01-07,Rural,28423,Medium,0,0,Summer,10000.0
1044,2024-01-08,Urban,96139,Medium,0,0,Summer,10000.0
1024,2024-01-09,Urban,167666,High,0,0,Summer,10000.0
1076,2024-01-10,Suburban,45492,High,0,0,Monsoon,10000.0
1044,2024-01-11,Rural,14850,Low,1,0,Monsoon,10000.0
1085,2024-01-12,Urban,52295,High,0,0,Winter,10000.0
1062,2024-01-13,Suburban,48620,High,0,0,Summer,10000.0
1022,2024-01-14,Urban,130015,Medium,0,0,Winter,10000.0
1070,2024-01-15,Suburban,70620,Medium,0,0,Summer,10000.0
1048,2024-01-16,Rural,21325,Low,0,0,Summer,10000.0
1014,2024-01-17,Rural,8394,Medium,0,0,Monsoon,10000.0
1004,2024-01-18,Suburban,72007,High,0,1,Monsoon,10000.0
1039,2024-01-19,Urban,109904,High,0,0,Winter,10000.0
1047,2024-01-20,Urban,91394,Low,0,0,Winter,10000.0
1030,2024-01-21,Rural,21591,Medium,0,0,Winter,10000.0
1097,2024-01-22,Urban,169180,Medium,1,0,Winter,10000.0
1078,2024-01-23,Urban,98891,Medium,0,0,Winter,10000.0
1049,2024-01-24,Suburban,33494,Medium,0,0,Monsoon,10000.0
1014,2024-01-25,Urban,173153,High,1,0,Summer,10000.0
1025,2024-01-26,Urban,193329,Medium,0,0,Summer,10000.0
1054,2024-01-27,Suburban,55762,Low,0,0,Winter,10000.0
1031,2024-01-28,Rural,13290,High,0,0,Winter,10000.0
1029,2024-01-29,Rural,20059,Medium,1,0,Monsoon,10000.0
1035,2024-01-30,Urban,144071,Medium,0,0,Monsoon,10000.0
1042,2024-01-31,Urban,189433,Medium,0,0,Summer,10000.0
1055,2024-02-01,Suburban,44426,Medium,1,0,Monsoon,10000.0
1089,2024-02-02,Urban,199833,High,1,0,Monsoon,12206.12
1003,2024-02-03,Urban,122792,Medium,0,0,Monsoon,10000.0
1031,2024-02-04,Suburban,73881,Low,0,0,Winter,10000.0
1053,2024-02-05,Suburban,65087,Medium,0,0,Monsoon,10000.0
1001,2024-02-06,Suburban,78644,High,0,0,Winter,10000.0
1040,2024-02-07,Suburban,76177,High,0,0,Summer,10000.0
1091,2024-02-08,Suburban,72099,Low,0,0,Monsoon,10000.0
1098,2024-02-09,Urban,192140,Medium,0,0,Summer,10000.0
1094,2024-02-10,Urban,116009,Low,0,0,Winter,10000.0
1082,2024-02-11,Urban,111516,Medium,0,0,Summer,10000.0
1016,2024-02-12,Urban,149066,Medium,1,0,Summer,10000.0
1084,2024-02-13,Suburban,24102,High,1,0,Winter,10000.0
1080,2024-02-14,Urban,79188,Medium,0,0,Winter,10000.0
1093,2024-02-15,Urban,157690,Medium,0,0,Winter,10000.0
1047,2024-02-16,Suburban,31683,High,0,0,Summer,10000.0
1010,2024-02-17,Urban,120602,High,0,1,Summer,10000.0
1098,2024-02-18,Suburban,43659,Low,0,1,Monsoon,10000.0
1092,2024-02-19,Suburban,42639,Low,0,0,Winter,10000.0
1063,2024-02-20,Urban,81526,Low,0,0,Winter,10000.0
1086,2024-02-21,Urban,85226,Low,0,0,Winter,10000.0
1013,2024-02-22,Urban,85040,Low,0,1,Summer,10000.0
1095,2024-02-23,Suburban,74310,Medium,0,0,Winter,10000.0
1054,2024-02-24,Urban,87951,High,0,0,Monsoon,10000.0
1098,2024-02-25,Suburban,76507,Low,0,0,Summer,10000.0
1069,2024-02-26,Urban,108968,Low,0,0,Monsoon,10000.0
1091,2024-02-27,Suburban,79714,Medium,1,0,Winter,10000.0
1093,2024-02-28,Urban,79159,Medium,0,0,Monsoon,10000.0
1060,2024-02-29,Urban,172941,Medium,0,0,Winter,10000.0
1008,2024-03-01,Rural,19687,High,0,0,Monsoon,10000.0
1011,2024-03-02,Rural,6872,High,0,0,Summer,10000.0
1092,2024-03-03,Suburban,30174,Medium,0,0,Summer,10000.0
1061,2024-03-04,Urban,68264,Medium,0,0,Winter,10000.0
1019,2024-03-05,Suburban,48425,Medium,0,0,Summer,10000.0
1049,2024-03-06,Suburban,69213,High,0,0,Winter,10000.0
1077,2024-03-07,Suburban,70428,Low,0,0,Monsoon,10000.0
1064,2024-03-08,Urban,98828,Low,1,0,Summer,10000.0
1000,2024-03-09,Rural,20316,Medium,1,0,Monsoon,10000.0
1002,2024-03-10,Urban,124253,High,0,0,Winter,10000.0
1003,2024-03-11,Urban,94854,Medium,0,0,Summer,10000.0
1090,2024-03-12,Rural,27938,Low,0,0,Winter,10000.0
1087,2024-03-13,Urban,169718,Medium,0,0,Monsoon,10000.0
1069,2024-03-14,Rural,25305,Medium,0,0,Monsoon,10000.0
1040,2024-03-15,Urban,128623,Medium,0,0,Summer,10000.0
1098,2024-03-16,Urban,157215,Medium,0,0,Summer,10000.0
1003,2024-03-17,Urban,178951,Medium,1,0,Monsoon,12049.45
1041,2024-03-18,Urban,171250,Medium,0,0,Summer,10000.0
1093,2024-03-19,Suburban,29137,High,1,0,Summer,10000.0
1029,2024-03-20,Rural,23919,Medium,0,0,Monsoon,10000.0
1072,2024-03-21,Suburban,40566,Medium,0,0,Winter,10000.0
1040,2024-03-22,Rural,9044,Medium,0,0,Monsoon,10000.0
1099,2024-03-23,Suburban,51672,Medium,0,0,Summer,10000.0
1048,2024-03-24,Suburban,22733,Medium,0,0,Winter,10000.0
1091,2024-03-25,Suburban,74606,Medium,0,1,Monsoon,10000.0
1092,2024-03-26,Urban,120647,Medium,0,0,Summer,10000.0
1036,2024-03-27,Rural,27173,High,0,0,Monsoon,10000.0
1093,2024-03-28,Urban,116239,Medium,0,0,Monsoon,10000.0
1089,2024-03-29,Urban,98536,Low,0,1,Winter,10000.0
1060,2024-03-30,Suburban,26149,High,0,0,Monsoon,10000.0
1069,2024-03-31,Suburban,24661,Medium,0,0,Winter,10000.0
1047,2024-04-01,Rural,10874,Medium,0,0,Monsoon,10000.0
1036,2024-04-02,Rural,27223,Medium,0,0,Winter,10000.0
1016,2024-04-03,Urban,152584,Medium,0,0,Winter,10000.0
1064,2024-04-04,Suburban,24983,High,0,0,Winter,10000.0
1075,2024-04-05,Urban,69396,Medium,0,0,Monsoon,10000.0
1071,2024-04-06,Urban,73609,Medium,1,0,Winter,10000.0
1072,2024-04-07,Urban,54551,Medium,0,0,Summer,10000.0
1077,2024-04-08,Suburban,40660,Medium,1,0,Monsoon,10000.0
1046,2024-04-09,Urban,154986,Medium,1,0,Summer,10000.0
1061,2024-04-10,Urban,178335,Medium,0,0,Monsoon,10000.0
1059,2024-04-11,Rural,6002,High,1,0,Winter,10000.0
1020,2024-04-12,Suburban,38597,Medium,1,0,Monsoon,10000.0
1076,2024-04-13,Urban,160132,High,0,0,Winter,10000.0
1096,2024-04-14,Urban,146305,Medium,0,0,Summer,10000.0
1035,2024-04-15,Suburban,56140,High,0,0,Monsoon,10000.0
1020,2024-04-16,Urban,103936,Medium,0,0,Winter,10000.0
1018,2024-04-17,Urban,168545,Medium,0,0,Monsoon,10000.0
1078,2024-04-18,Suburban,34291,Medium,1,0,Winter,10000.0
1015,2024-04-19,Urban,190880,High,0,0,Summer,11370.13
1084,2024-04-20,Suburban,53190,Low,0,0,Summer,10000.0
1055,2024-04-21,Urban,195554,Medium,0,0,Monsoon,10000.0
1020,2024-04-22,Suburban,46749,Medium,1,0,Winter,10000.0
1032,2024-04-23,Urban,72411,Medium,0,1,Monsoon,10000.0
1012,2024-04-24,Rural,16717,High,1,0,Summer,10000.0
1079,2024-04-25,Urban,172903,Medium,0,0,Monsoon,10000.0
1080,2024-04-26,Urban,190938,Medium,0,0,Winter,10000.0
1044,2024-04-27,Rural,22548,Low,0,1,Monsoon,10000.0
1037,2024-04-28,Urban,167081,Medium,0,0,Summer,10000.0
1092,2024-04-29,Urban,141785,High,1,1,Monsoon,10903.08
1048,2024-04-30,Urban,54290,High,0,0,Monsoon,10000.0
1012,2024-05-01,Urban,176894,Low,0,0,Summer,10000.0
1000,2024-05-02,Rural,18837,Low,0,0,Summer,10000.0
1079,2024-05-03,Rural,23720,Low,0,1,Winter,10000.0
1026,2024-05-04,Urban,79737,Low,0,0,Summer,10000.0
1054,2024-05-05,Urban,199827,Low,0,0,Winter,10000.0
1043,2024-05-06,Urban,133956,Medium,0,0,Monsoon,10000.0
1005,2024-05-07,Urban,56801,Medium,0,0,Monsoon,10000.0
1048,2024-05-08,Urban,118737,Medium,0,0,Summer,10000.0
1071,2024-05-09,Rural,8264,Medium,0,0,Monsoon,10000.0
1057,2024-05-10,Rural,14665,Medium,0,0,Summer,10000.0
1030,2024-05-11,Urban,154844,Low,0,0,Summer,10000.0
1040,2024-05-12,Urban,92224,Medium,0,0,Monsoon,10000.0
1005,2024-05-13,Rural,11495,Medium,0,0,Summer,10000.0
1077,2024-05-14,Rural,13353,Low,1,0,Monsoon,10000.0
1032,2024-05-15,Urban,91037,High,0,0,Monsoon,10000.0
1076,2024-05-16,Urban,98016,Medium,0,0,Winter,10000.0
1045,2024-05-17,Urban,102630,Medium,0,0,Monsoon,10000.0
1098,2024-05-18,Urban,88673,High,0,0,Monsoon,10000.0
1096,2024-05-19,Suburban,22548,Medium,0,1,Monsoon,10000.0
1001,2024-05-20,Urban,55251,Medium,0,0,Summer,10000.0
1020,2024-05-21,Urban,187428,High,0,0,Monsoon,10000.0
1045,2024-05-22,Rural,14712,Low,0,0,Monsoon,10000.0
1047,2024-05-23,Urban,121302,Low,0,0,Summer,10000.0
1046,2024-05-24,Urban,185985,Medium,0,0,Monsoon,10000.0
1083,2024-05-25,Suburban,68214,High,0,0,Monsoon,10000.0
1069,2024-05-26,Suburban,24919,High,0,0,Winter,10000.0
1039,2024-05-27,Urban,53213,Low,0,0,Summer,10000.0
1064,2024-05-28,Suburban,50865,High,0,0,Summer,10000.0
1008,2024-05-29,Urban,191718,Low,0,0,Summer,10000.0
1011,2024-05-30,Rural,5454,Low,0,0,Summer,10000.0
1049,2024-05-31,Urban,135114,Medium,0,0,Winter,10000.0
1022,2024-06-01,Urban,139576,High,0,1,Monsoon,10000.0
1046,2024-06-02,Rural,25185,Medium,0,0,Monsoon,10000.0
1014,2024-06-03,Suburban,62700,Low,0,0,Winter,10000.0
1035,2024-06-04,Rural,28747,High,0,0,Summer,10000.0
1041,2024-06-05,Urban,111561,Medium,0,0,Monsoon,10000.0
1087,2024-06-06,Suburban,78132,High,0,1,Summer,10000.0
1014,2024-06-07,Urban,83855,Medium,0,0,Monsoon,10000.0
1066,2024-06-08,Suburban,23184,High,0,0,Winter,10000.0
1083,2024-06-09,Urban,156716,Medium,0,0,Winter,10000.0
1029,2024-06-10,Urban,64054,High,0,0,Winter,10000.0
1053,2024-06-11,Suburban,65352,Low,0,0,Winter,10000.0
1080,2024-06-12,Rural,24156,Medium,0,0,Winter,10000.0
1078,2024-06-13,Rural,25944,Low,0,0,Winter,10000.0
1046,2024-06-14,Suburban,33423,Medium,1,0,Monsoon,10000.0
1040,2024-06-15,Urban,91540,Medium,0,1,Winter,10000.0
1023,2024-06-16,Suburban,52337,Medium,0,0,Winter,10000.0
1040,2024-06-17,Urban,123395,Low,0,0,Winter,10000.0
1049,2024-06-18,Suburban,54241,High,0,0,Summer,10000.0
1025,2024-06-19,Rural,10474,Medium,0,1,Winter,10000.0
1011,2024-06-20,Suburban,73067,Medium,0,0,Monsoon,10000.0
1052,2024-06-21,Suburban,38656,High,0,0,Winter,10000.0
1015,2024-06-22,Urban,181304,Medium,0,1,Monsoon,10000.0
1085,2024-06-23,Urban,117549,Medium,0,0,Summer,10000.0
1011,2024-06-24,Suburban,39505,High,0,1,Monsoon,10000.0
1044,2024-06-25,Suburban,57982,Medium,0,0,Summer,10000.0
1085,2024-06-26,Urban,142360,Low,1,0,Summer,10000.0
1051,2024-06-27,Urban,167454,Medium,0,0,Monsoon,10000.0
1029,2024-06-28,Suburban,69752,Medium,0,0,Winter,10000.0
1005,2024-06-29,Urban,88364,Medium,0,0,Summer,10000.0
1001,2024-06-30,Urban,85754,Medium,0,0,Summer,10000.0
1013,2024-07-01,Rural,22163,Medium,0,0,Summer,10000.0
1001,2024-07-02,Rural,24818,Low,0,0,Winter,10000.0
1024,2024-07-03,Urban,54992,High,0,0,Winter,10000.0
1041,2024-07-04,Urban,118765,Medium,0,1,Winter,10000.0
1050,2024-07-05,Suburban,47198,Low,0,0,Winter,10000.0
1048,2024-07-06,Rural,9829,Medium,0,0,Winter,10000.0
1047,2024-07-07,Rural,6557,Medium,1,0,Monsoon,10000.0
1062,2024-07-08,Urban,198722,Medium,0,0,Monsoon,10000.0
1099,2024-07-09,Rural,29353,Medium,0,0,Monsoon,10000.0
1087,2024-07-10,Suburban,27781,High,1,0,Summer,10000.0
1023,2024-07-11,Urban,89815,Medium,0,0,Monsoon,10000.0
1039,2024-07-12,Urban,101835,Medium,0,0,Winter,10000.0
1048,2024-07-13,Urban,135575,High,0,1,Summer,10000.0
1039,2024-07-14,Suburban,37468,Medium,0,0,Winter,10000.0
1078,2024-07-15,Rural,9752,High,0,0,Summer,10000.0
1063,2024-07-16,Suburban,45697,Medium,0,0,Monsoon,10000.0
1027,2024-07-17,Rural,17467,Medium,0,0,Summer,10000.0
1092,2024-07-18,Urban,163435,Low,0,0,Monsoon,10000.0
1030,2024-07-19,Rural,27936,Medium,0,0,Summer,10000.0
1070,2024-07-20,Suburban,64325,Medium,0,0,Winter,10000.0
1050,2024-07-21,Suburban,65367,High,0,0,Winter,10000.0
1007,2024-07-22,Suburban,64339,High,0,0,Winter,10000.0
1020,2024-07-23,Urban,136609,Medium,1,0,Monsoon,10000.0
1070,2024-07-24,Urban,150279,Medium,0,0,Summer,10000.0
1043,2024-07-25,Suburban,68167,Medium,0,0,Monsoon,10000.0
1075,2024-07-26,Urban,102062,Medium,0,0,Monsoon,10000.0
1064,2024-07-27,Suburban,53865,Medium,0,0,Winter,10000.0
1039,2024-07-28,Rural,10101,High,0,0,Winter,10000.0
1008,2024-07-29,Urban,113790,Medium,0,1,Monsoon,10000.0
1064,2024-07-30,Urban,187545,Medium,0,0,Winter,10000.0
1021,2024-07-31,Urban,108482,Low,0,0,Summer,10000.0
1093,2024-08-01,Urban,120015,High,0,0,Summer,10000.0
1051,2024-08-02,Rural,7599,Medium,0,0,Summer,10000.0
1018,2024-08-03,Rural,12457,Low,0,0,Monsoon,10000.0
1019,2024-08-04,Suburban,55982,High,0,0,Monsoon,10000.0
1021,2024-08-05,Urban,102418,Medium,1,0,Monsoon,10000.0
1095,2024-08-06,Urban,184131,Medium,1,1,Winter,11710.58
1002,2024-08-07,Urban,184182,High,1,1,Summer,11216.61
1013,2024-08-08,Urban,182088,Low,0,1,Winter,10000.0
1015,2024-08-09,Urban,105257,High,0,0,Winter,10000.0
1071,2024-08-10,Suburban,78519,Medium,0,0,Monsoon,10000.0
1061,2024-08-11,Urban,56277,Low,0,0,Summer,10000.0
1043,2024-08-12,Suburban,52925,Medium,0,0,Summer,10000.0
1073,2024-08-13,Urban,66684,Low,0,0,Monsoon,10000.0
1010,2024-08-14,Rural,21726,Low,0,0,Monsoon,10000.0
1046,2024-08-15,Suburban,43184,Medium,0,0,Summer,10000.0
1013,2024-08-16,Urban,178579,Medium,0,0,Monsoon,10000.0
1047,2024-08-17,Urban,94680,Medium,0,0,Summer,10000.0
1072,2024-08-18,Rural,25664,High,0,0,Monsoon,10000.0
1007,2024-08-19,Suburban,26846,High,0,0,Summer,10000.0
1016,2024-08-20,Rural,25957,High,1,0,Winter,10000.0
1007,2024-08-21,Urban,156642,Low,0,0,Monsoon,10000.0
1031,2024-08-22,Urban,102577,Medium,0,0,Winter,10000.0
1046,2024-08-23,Urban,138815,High,0,0,Summer,10000.0
1059,2024-08-24,Urban,190299,Medium,1,0,Winter,10000.0
1081,2024-08-25,Urban,65199,Low,1,0,Monsoon,10000.0
1045,2024-08-26,Rural,19653,Medium,0,0,Winter,10000.0
1078,2024-08-27,Urban,75208,Medium,0,0,Monsoon,10000.0
1071,2024-08-28,Urban,103559,Medium,0,0,Summer,10000.0
1006,2024-08-29,Suburban,66529,Medium,0,0,Monsoon,10000.0
1069,2024-08-30,Rural,12861,Medium,0,0,Summer,10000.0
1036,2024-08-31,Urban,82847,High,0,0,Monsoon,10000.0
1082,2024-09-01,Suburban,77990,Medium,1,0,Winter,10000.0
1054,2024-09-02,Suburban,23208,Medium,0,0,Summer,10000.0
1019,2024-09-03,Urban,67493,High,1,0,Winter,10000.0
1009,2024-09-04,Urban,99704,High,0,1,Summer,10000.0
1082,2024-09-05,Rural,29215,Medium,0,0,Winter,10000.0
1026,2024-09-06,Urban,84166,High,0,0,Monsoon,10000.0
1025,2024-09-07,Urban,198309,Medium,0,0,Winter,10000.0
1082,2024-09-08,Rural,5902,High,1,0,Winter,10000.0
1064,2024-09-09,Urban,86009,Medium,0,0,Winter,10000.0
1065,2024-09-10,Urban,112892,High,0,0,Monsoon,10000.0
1051,2024-09-11,Rural,10730,Medium,0,0,Monsoon,10000.0
1010,2024-09-12,Urban,163716,Medium,0,0,Summer,10000.0
1036,2024-09-13,Suburban,30442,Low,0,0,Monsoon,10000.0
1007,2024-09-14,Suburban,71334,High,1,0,Monsoon,10000.0
1044,2024-09-15,Urban,153783,Low,0,0,Monsoon,10000.0
1060,2024-09-16,Suburban,66996,Medium,0,0,Winter,10000.0
1052,2024-09-17,Urban,81445,Medium,0,0,Winter,10000.0
1034,2024-09-18,Urban,188150,Low,1,0,Summer,10000.0
1038,2024-09-19,Urban,162776,Medium,0,0,Summer,10000.0
1023,2024-09-20,Suburban,70791,Medium,0,0,Winter,10000.0
1071,2024-09-21,Urban,67847,High,0,0,Summer,10000.0
1043,2024-09-22,Urban,61624,Medium,0,0,Winter,10000.0
1011,2024-09-23,Suburban,69680,High,0,0,Monsoon,10000.0
1016,2024-09-24,Urban,104585,High,1,0,Winter,10000.0
1092,2024-09-25,Urban,96301,High,1,0,Winter,10000.0
1052,2024-09-26,Suburban,32282,High,0,0,Monsoon,10000.0
1074,2024-09-27,Rural,6112,Medium,0,0,Winter,10000.0
1041,2024-09-28,Urban,193361,Medium,0,0,Monsoon,10000.0
1083,2024-09-29,Urban,79251,High,0,0,Monsoon,10000.0
1082,2024-09-30,Rural,27863,High,1,0,Summer,10000.0
1076,2024-10-01,Urban,147910,High,0,0,Summer,10000.0
1058,2024-10-02,Rural,13863,High,0,0,Summer,10000.0
1064,2024-10-03,Urban,180387,Medium,0,0,Monsoon,10000.0
1085,2024-10-04,Urban,180491,High,0,0,Summer,10287.75
1027,2024-10-05,Urban,50848,Low,0,0,Summer,10000.0
1021,2024-10-06,Rural,24482,High,0,0,Winter,10000.0
1002,2024-10-07,Rural,25931,High,1,0,Monsoon,10000.0
1080,2024-10-08,Rural,15393,High,0,0,Summer,10000.0
1099,2024-10-09,Urban,181901,High,0,1,Summer,10000.0
1054,2024-10-10,Rural,14299,High,0,0,Summer,10000.0
1072,2024-10-11,Rural,5528,High,0,0,Summer,10000.0
1012,2024-10-12,Rural,26246,Medium,0,0,Summer,10000.0
1010,2024-10-13,Rural,17060,Medium,0,0,Winter,10000.0
1084,2024-10-14,Rural,5238,High,0,0,Winter,10000.0
1070,2024-10-15,Urban,173774,Medium,0,0,Summer,10000.0
1051,2024-10-16,Suburban,46568,Medium,0,0,Winter,10000.0
1085,2024-10-17,Urban,161905,Medium,0,0,Monsoon,10000.0
1087,2024-10-18,Rural,9161,High,0,0,Monsoon,10000.0
1028,2024-10-19,Suburban,34787,Low,0,0,Monsoon,10000.0
1089,2024-10-20,Urban,64245,High,0,0,Summer,10000.0
1078,2024-10-21,Urban,59792,High,0,0,Monsoon,10000.0
1015,2024-10-22,Rural,19201,Low,0,1,Winter,10000.0
1096,2024-10-23,Suburban,44201,High,0,0,Winter,10000.0
1079,2024-10-24,Rural,5037,Medium,0,0,Monsoon,10000.0
1032,2024-10-25,Urban,196977,Medium,0,0,Summer,10000.0
1081,2024-10-26,Suburban,26659,Low,0,0,Summer,10000.0
1046,2024-10-27,Urban,50386,Medium,0,1,Winter,10000.0
1089,2024-10-28,Suburban,39210,Medium,0,0,Winter,10000.0
1047,2024-10-29,Suburban,51950,Low,0,0,Summer,10000.0
1087,2024-10-30,Urban,53900,Medium,0,1,Summer,10000.0
1092,2024-10-31,Urban,116578,High,1,0,Summer,10000.0
1039,2024-11-01,Urban,97615,Medium,0,0,Monsoon,10000.0
1030,2024-11-02,Suburban,77570,Medium,0,0,Monsoon,10000.0
1018,2024-11-03,Suburban,31063,High,0,0,Winter,10000.0
1058,2024-11-04,Urban,93382,Low,0,0,Monsoon,10000.0
1008,2024-11-05,Suburban,26479,Medium,1,0,Summer,10000.0
1039,2024-11-06,Rural,14447,Low,0,0,Summer,10000.0
1035,2024-11-07,Suburban,26982,Medium,0,1,Monsoon,10000.0
1098,2024-11-08,Urban,179884,Low,0,0,Summer,10000.0
1086,2024-11-09,Suburban,69971,Medium,0,0,Summer,10000.0
1092,2024-11-10,Rural,18196,Medium,0,0,Monsoon,10000.0
1054,2024-11-11,Urban,153076,Medium,0,0,Summer,10000.0
1051,2024-11-12,Urban,81395,Medium,0,0,Winter,10000.0
1075,2024-11-13,Rural,27252,Medium,0,0,Monsoon,10000.0
1090,2024-11-14,Urban,187130,High,0,0,Summer,10000.0
1025,2024-11-15,Urban,136950,Medium,0,0,Winter,10000.0
1051,2024-11-16,Urban,143657,Low,0,0,Winter,10000.0
1096,2024-11-17,Rural,18119,Medium,1,0,Winter,10000.0
1043,2024-11-18,Urban,197683,High,0,0,Monsoon,10000.0
1056,2024-11-19,Urban,52615,Medium,0,0,Summer,10000.0
1002,2024-11-20,Urban,50699,Medium,0,0,Summer,10000.0
1012,2024-11-21,Suburban,51387,Medium,0,0,Monsoon,10000.0
1085,2024-11-22,Rural,10060,High,1,0,Summer,10000.0
1085,2024-11-23,Rural,11255,High,0,0,Summer,10000.0
1007,2024-11-24,Urban,194299,Low,0,1,Monsoon,10000.0
1083,2024-11-25,Urban,107971,High,0,0,Summer,10000.0
1082,2024-11-26,Urban,174062,Medium,1,0,Monsoon,10000.0
1034,2024-11-27,Rural,15517,Medium,1,0,Summer,10000.0
1046,2024-11-28,Suburban,69394,Medium,0,0,Summer,10000.0
1092,2024-11-29,Suburban,20748,High,1,0,Monsoon,10000.0
1028,2024-11-30,Suburban,64179,High,0,0,Winter,10000.0
1034,2024-12-01,Urban,188183,Medium,0,0,Monsoon,10000.0
1066,2024-12-02,Suburban,50497,High,0,0,Summer,10000.0
1079,2024-12-03,Urban,55608,High,1,0,Monsoon,10000.0
1094,2024-12-04,Urban,79136,Medium,0,0,Monsoon,10000.0
1035,2024-12-05,Urban,180064,Medium,1,0,Monsoon,10000.0
1036,2024-12-06,Urban,97748,Medium,1,0,Monsoon,10000.0
1035,2024-12-07,Urban,97557,Medium,0,0,Winter,10000.0
1036,2024-12-08,Urban,173391,Low,0,0,Summer,10000.0
1006,2024-12-09,Urban,169829,Medium,0,0,Monsoon,10000.0
1059,2024-12-10,Urban,101601,Medium,0,0,Winter,10000.0
1048,2024-12-11,Urban,121143,High,0,1,Winter,10000.0
1042,2024-12-12,Suburban,33561,Medium,0,0,Summer,10000.0
1097,2024-12-13,Urban,70871,Low,1,0,Monsoon,10000.0
1071,2024-12-14,Suburban,68625,Medium,0,0,Summer,10000.0
1040,2024-12-15,Suburban,71484,Medium,0,1,Summer,10000.0
1081,2024-12-16,Urban,64551,Medium,0,1,Winter,10000.0
1027,2024-12-17,Urban,90519,High,0,0,Winter,10000.0
1047,2024-12-18,Urban,64733,High,0,0,Monsoon,10000.0
1016,2024-12-19,Urban,75956,Medium,0,0,Summer,10000.0
1086,2024-12-20,Urban,148946,High,0,0,Summer,10000.0
1031,2024-12-21,Rural,12218,Medium,0,0,Monsoon,10000.0
1083,2024-12-22,Suburban,54898,Medium,0,1,Monsoon,10000.0
1068,2024-12-23,Rural,16083,High,0,0,Summer,10000.0
1018,2024-12-24,Suburban,53480,Medium,0,1,Monsoon,10000.0
1040,2024-12-25,Suburban,50995,Low,0,0,Winter,10000.0
1098,2024-12-26,Suburban,22785,Low,0,0,Monsoon,10000.0
1068,2024-12-27,Suburban,70077,Medium,0,0,Summer,10000.0
1065,2024-12-28,Urban,90759,Medium,0,0,Summer,10000.0
1020,2024-12-29,Urban,118769,Medium,0,0,Winter,10000.0
1000,2024-12-30,Suburban,24967,Low,0,0,Monsoon,10000.0
1039,2024-12-31,Urban,109512,Medium,0,1,Winter,10000.0
1059,2025-01-01,Urban,191885,High,0,0,Winter,10000.0
1091,2025-01-02,Rural,12209,Medium,0,0,Summer,10000.0
1007,2025-01-03,Rural,26462,Medium,0,0,Summer,10000.0
1083,2025-01-04,Rural,7587,Medium,0,1,Monsoon,10000.0
1010,2025-01-05,Suburban,20786,Medium,0,0,Winter,10000.0
1062,2025-01-06,Urban,81175,Low,0,1,Winter,10000.0
1053,2025-01-07,Suburban,31870,High,0,0,Monsoon,10000.0
1067,2025-01-08,Rural,10967,Medium,0,0,Summer,10000.0
1068,2025-01-09,Urban,91273,High,0,0,Summer,10000.0
1072,2025-01-10,Urban,141720,High,0,0,Summer,10000.0
1087,2025-01-11,Suburban,28526,Medium,1,0,Summer,10000.0
1052,2025-01-12,Rural,14705,Medium,0,1,Summer,10000.0
1063,2025-01-13,Urban,170828,Medium,0,0,Monsoon,10000.0
1091,2025-01-14,Urban,86726,Medium,0,0,Monsoon,10000.0
1079,2025-01-15,Suburban,32493,High,1,0,Monsoon,10000.0
1082,2025-01-16,Suburban,26344,High,1,0,Winter,10000.0
1027,2025-01-17,Rural,13134,Medium,0,0,Winter,10000.0
1008,2025-01-18,Urban,95329,Low,0,0,Winter,10000.0
1032,2025-01-19,Urban,119584,Low,0,0,Summer,10000.0
1091,2025-01-20,Suburban,67612,Medium,0,0,Winter,10000.0
1037,2025-01-21,Urban,178284,Medium,0,0,Winter,10000.0
1092,2025-01-22,Rural,14840,High,0,0,Summer,10000.0
1000,2025-01-23,Suburban,24787,Medium,1,0,Winter,10000.0
1089,2025-01-24,Urban,118612,Low,0,0,Winter,10000.0
1075,2025-01-25,Urban,70805,Medium,0,0,Summer,10000.0
1007,2025-01-26,Urban,156306,Medium,0,0,Winter,10000.0
1099,2025-01-27,Rural,20759,Low,0,0,Summer,10000.0
1021,2025-01-28,Suburban,59577,Medium,0,0,Winter,10000.0
1025,2025-01-29,Suburban,69649,High,0,0,Monsoon,10000.0
1038,2025-01-30,Suburban,77507,Medium,0,0,Monsoon,10000.0
1062,2025-01-31,Urban,79673,Medium,1,1,Summer,10000.0
1017,2025-02-01,Suburban,69811,Medium,1,0,Summer,10000.0
1078,2025-02-02,Suburban,63104,Medium,0,0,Summer,10000.0
1024,2025-02-03,Rural,20403,Medium,0,0,Monsoon,10000.0
1056,2025-02-04,Urban,139528,Low,0,0,Summer,10000.0
1049,2025-02-05,Urban,64194,Medium,0,0,Winter,10000.0
1051,2025-02-06,Urban,126109,Medium,1,0,Monsoon,10000.0
1027,2025-02-07,Suburban,52781,High,0,1,Winter,10000.0
1058,2025-02-08,Suburban,60780,Medium,0,0,Winter,10000.0
1068,2025-02-09,Urban,192380,Medium,0,0,Winter,10000.0
1062,2025-02-10,Urban,88509,Low,0,0,Summer,10000.0
1039,2025-02-11,Urban,54364,Medium,0,0,Winter,10000.0
1080,2025-02-12,Urban,95214,Medium,0,0,Monsoon,10000.0
1005,2025-02-13,Urban,164486,Low,0,0,Winter,10000.0
1080,2025-02-14,Urban,83451,Medium,0,0,Winter,10000.0
1091,2025-02-15,Urban,91402,Medium,0,0,Summer,10000.0
1057,2025-02-16,Urban,88494,High,0,0,Winter,10000.0
1063,2025-02-17,Urban,91357,Medium,0,0,Winter,10000.0
1063,2025-02-18,Suburban,58510,High,1,1,Monsoon,10000.0
1098,2025-02-19,Suburban,24995,Medium,0,0,Winter,10000.0
1073,2025-02-20,Urban,174662,Low,0,0,Winter,10000.0
1097,2025-02-21,Rural,29730,Low,0,0,Summer,10000.0
1069,2025-02-22,Urban,135337,Medium,0,0,Summer,10000.0
1074,2025-02-23,Suburban,31507,Low,1,1,Monsoon,10000.0
1090,2025-02-24,Rural,18832,Low,1,0,Winter,10000.0
1074,2025-02-25,Urban,119475,Medium,0,0,Winter,10000.0
1018,2025-02-26,Urban,86106,High,0,0,Summer,10000.0
1064,2025-02-27,Rural,5901,Low,0,0,Winter,10000.0
1017,2025-02-28,Urban,124612,High,0,0,Summer,10000.0
1093,2025-03-01,Suburban,60755,Medium,0,0,Summer,10000.0
1020,2025-03-02,Urban,175013,Low,0,0,Winter,10000.0
1070,2025-03-03,Urban,50963,Low,0,1,Winter,10000.0
1074,2025-03-04,Rural,19174,Medium,0,0,Winter,10000.0
1034,2025-03-05,Suburban,38266,Medium,0,0,Summer,10000.0
1023,2025-03-06,Suburban,46030,High,0,1,Monsoon,10000.0
1018,2025-03-07,Rural,24860,Medium,0,0,Monsoon,10000.0
1069,2025-03-08,Suburban,35593,Medium,0,0,Summer,10000.0
1021,2025-03-09,Urban,73517,Medium,1,0,Summer,10000.0
1056,2025-03-10,Urban,61294,Medium,0,0,Winter,10000.0
1042,2025-03-11,Suburban,31008,High,0,1,Summer,10000.0
1048,2025-03-12,Rural,15040,Medium,0,0,Monsoon,10000.0
1017,2025-03-13,Urban,113922,Medium,0,0,Monsoon,10000.0
1045,2025-03-14,Urban,96569,Low,0,0,Summer,10000.0
1098,2025-03-15,Urban,189300,Medium,0,0,Winter,10000.0
1001,2025-03-16,Urban,160466,Low,0,0,Winter,10000.0
1087,2025-03-17,Suburban,23335,Medium,1,0,Winter,10000.0
1004,2025-03-18,Suburban,54851,Low,0,0,Winter,10000.0
1084,2025-03-19,Urban,192823,Medium,0,0,Summer,10000.0
1005,2025-03-20,Suburban,28024,Medium,0,0,Summer,10000.0
1086,2025-03-21,Rural,24120,Medium,0,0,Winter,10000.0
1064,2025-03-22,Suburban,68949,High,1,0,Summer,10000.0
1052,2025-03-23,Rural,5430,Medium,0,0,Monsoon,10000.0
1066,2025-03-24,Urban,130745,High,0,0,Monsoon,10000.0
1066,2025-03-25,Rural,16349,Low,0,0,Monsoon,10000.0
1007,2025-03-26,Urban,134341,High,0,0,Summer,10000.0
1086,2025-03-27,Urban,159452,Medium,0,0,Monsoon,10000.0
1054,2025-03-28,Suburban,32937,High,0,0,Winter,10000.0
1062,2025-03-29,Urban,90586,Low,0,0,Summer,10000.0
1071,2025-03-30,Urban,179846,Medium,0,0,Winter,10000.0
1018,2025-03-31,Urban,86428,Medium,0,0,Summer,10000.0
1083,2025-04-01,Suburban,78095,Medium,0,0,Summer,10000.0
1043,2025-04-02,Rural,23017,Medium,0,0,Winter,10000.0
1095,2025-04-03,Urban,80936,Medium,0,0,Winter,10000.0
1040,2025-04-04,Suburban,78819,High,0,0,Monsoon,10000.0
1051,2025-04-05,Urban,89256,Medium,0,0,Summer,10000.0
1025,2025-04-06,Rural,9985,Low,0,0,Winter,10000.0
1022,2025-04-07,Rural,28131,Medium,0,1,Summer,10000.0
1074,2025-04-08,Suburban,32477,Medium,1,0,Monsoon,10000.0
1069,2025-04-09,Urban,175188,High,0,0,Monsoon,10000.0
1008,2025-04-10,Suburban,54344,Medium,0,0,Monsoon,10000.0
1055,2025-04-11,Suburban,21698,Medium,0,0,Monsoon,10000.0
1015,2025-04-12,Rural,8574,High,0,0,Winter,10000.0
1018,2025-04-13,Suburban,54147,Low,0,0,Summer,10000.0
1038,2025-04-14,Suburban,21090,Low,0,0,Winter,10000.0
1084,2025-04-15,Suburban,78965,Medium,1,0,Winter,10000.0
1074,2025-04-16,Suburban,44329,High,0,0,Monsoon,10000.0
1001,2025-04-17,Suburban,72293,Low,0,0,Winter,10000.0
1079,2025-04-18,Suburban,56175,High,0,0,Summer,10000.0
1036,2025-04-19,Rural,25783,Low,0,0,Monsoon,10000.0
1084,2025-04-20,Suburban,74108,Medium,0,0,Summer,10000.0
1078,2025-04-21,Urban,109392,Low,1,0,Monsoon,10000.0
1043,2025-04-22,Suburban,43177,Low,0,0,Summer,10000.0
1042,2025-04-23,Urban,173012,Medium,0,0,Summer,10000.0
1064,2025-04-24,Suburban,66495,Medium,0,0,Summer,10000.0
1082,2025-04-25,Urban,78913,High,0,1,Summer,10000.0
1089,2025-04-26,Suburban,60076,Medium,0,0,Monsoon,10000.0
1043,2025-04-27,Urban,79493,Low,0,0,Monsoon,10000.0
1024,2025-04-28,Urban,99081,Medium,0,0,Monsoon,10000.0
1004,2025-04-29,Suburban,76078,Medium,1,0,Summer,10000.0
1063,2025-04-30,Urban,196592,High,0,0,Monsoon,10000.0
1011,2025-05-01,Rural,8238,Medium,0,0,Winter,10000.0
1090,2025-05-02,Suburban,73940,Low,0,0,Winter,10000.0
1035,2025-05-03,Suburban,68360,Medium,0,0,Winter,10000.0
1092,2025-05-04,Suburban,70452,High,1,0,Summer,10000.0
1057,2025-05-05,Rural,21349,Medium,0,0,Winter,10000.0
1006,2025-05-06,Urban,70631,Medium,0,0,Summer,10000.0
1089,2025-05-07,Urban,80292,High,0,0,Winter,10000.0
1043,2025-05-08,Urban,185278,Low,0,1,Monsoon,10000.0
1030,2025-05-09,Suburban,75132,Low,1,0,Monsoon,10000.0
1055,2025-05-10,Rural,5839,Medium,0,1,Monsoon,10000.0
1061,2025-05-11,Suburban,34851,High,0,0,Monsoon,10000.0
1074,2025-05-12,Suburban,20314,Medium,0,0,Monsoon,10000.0
1078,2025-05-13,Suburban,54017,High,0,0,Summer,10000.0
1070,2025-05-14,Urban,103373,Medium,0,0,Summer,10000.0
1014,2025-05-15,Rural,20356,High,0,0,Monsoon,10000.0
1022,2025-05-16,Urban,98415,High,0,0,Winter,10000.0
1042,2025-05-17,Urban,83206,High,1,0,Monsoon,10000.0
1076,2025-05-18,Rural,17324,Medium,0,0,Winter,10000.0
1065,2025-05-19,Urban,100414,Medium,1,0,Summer,10000.0
1096,2025-05-20,Rural,22421,Medium,0,0,Winter,10000.0
1080,2025-05-21,Suburban,28257,Low,0,1,Summer,10000.0
1041,2025-05-22,Suburban,59908,High,0,0,Summer,10000.0
1032,2025-05-23,Suburban,34507,Medium,0,0,Winter,10000.0
1023,2025-05-24,Urban,123053,High,0,0,Summer,10000.0
1083,2025-05-25,Rural,28442,High,1,0,Summer,10000.0
1039,2025-05-26,Urban,190427,Medium,0,0,Monsoon,10000.0
1003,2025-05-27,Rural,19085,Medium,0,0,Winter,10000.0
1047,2025-05-28,Urban,128440,Medium,0,0,Summer,10000.0
1073,2025-05-29,Suburban,50450,High,0,1,Summer,10000.0
1082,2025-05-30,Suburban,73380,High,0,0,Monsoon,10000.0
1014,2025-05-31,Urban,101164,High,0,0,Summer,10000.0
1039,2025-06-01,Urban,115526,Medium,0,0,Summer,10000.0
1044,2025-06-02,Urban,154508,High,0,0,Winter,10535.88
1029,2025-06-03,Urban,99862,Medium,0,0,Summer,10000.0
1045,2025-06-04,Suburban,64735,High,0,0,Summer,10000.0
1093,2025-06-05,Urban,85193,Medium,0,1,Summer,10000.0
1043,2025-06-06,Urban,77080,Low,0,0,Winter,10000.0
1070,2025-06-07,Urban,167146,High,0,0,Winter,10000.0
1083,2025-06-08,Suburban,74718,Medium,0,0,Summer,10000.0
1016,2025-06-09,Suburban,25798,Medium,0,0,Summer,10000.0
1087,2025-06-10,Rural,22496,High,0,0,Monsoon,10000.0
1001,2025-06-11,Urban,195236,Medium,0,1,Winter,13146.18
1039,2025-06-12,Suburban,75418,Medium,0,0,Summer,10000.0
1089,2025-06-13,Urban,140379,High,0,0,Winter,10000.0
1041,2025-06-14,Suburban,23856,Medium,0,0,Monsoon,10000.0
1040,2025-06-15,Urban,138465,Medium,0,0,Summer,10000.0
1021,2025-06-16,Urban,174422,Medium,0,0,Monsoon,10000.0
1062,2025-06-17,Rural,18790,Medium,0,0,Monsoon,10000.0
1058,2025-06-18,Rural,19705,Medium,0,0,Summer,10000.0
1034,2025-06-19,Rural,16288,Low,0,0,Summer,10000.0
1082,2025-06-20,Urban,138548,Medium,0,0,Summer,10000.0
1091,2025-06-21,Urban,190682,Medium,0,0,Summer,10000.0
1061,2025-06-22,Suburban,63155,Medium,0,0,Winter,10000.0
1070,2025-06-23,Suburban,25337,High,1,0,Monsoon,10000.0
1035,2025-06-24,Urban,163557,Medium,0,0,Monsoon,10000.0
1063,2025-06-25,Rural,18736,Medium,1,0,Winter,10000.0
1072,2025-06-26,Suburban,36954,Medium,0,1,Winter,10000.0
1054,2025-06-27,Urban,149251,High,0,0,Winter,10000.0
1029,2025-06-28,Rural,13798,Medium,1,0,Winter,10000.0
1081,2025-06-29,Rural,13324,High,0,0,Monsoon,10000.0
1039,2025-06-30,Suburban,26925,Low,1,0,Monsoon,10000.0
1005,2025-07-01,Suburban,75649,High,0,0,Summer,10000.0
1023,2025-07-02,Urban,103212,Low,0,0,Summer,10000.0
1024,2025-07-03,Urban,137050,Medium,0,0,Summer,10000.0
1099,2025-07-04,Rural,7711,High,0,0,Monsoon,10000.0
1059,2025-07-05,Urban,151615,Medium,0,0,Monsoon,10000.0
1096,2025-07-06,Rural,15260,Low,0,0,Monsoon,10000.0
1033,2025-07-07,Urban,65002,High,0,0,Winter,10000.0
1094,2025-07-08,Rural,21042,Medium,0,0,Winter,10000.0
1006,2025-07-09,Urban,99466,Medium,0,0,Summer,10000.0
1021,2025-07-10,Rural,29798,Low,0,0,Summer,10000.0
1035,2025-07-11,Suburban,71209,Medium,1,0,Summer,10000.0
1025,2025-07-12,Urban,195434,Medium,1,0,Monsoon,10000.0
1094,2025-07-13,Urban,150237,Medium,0,0,Monsoon,10000.0
1079,2025-07-14,Suburban,45020,Medium,0,1,Monsoon,10000.0
1008,2025-07-15,Urban,154554,Medium,0,0,Summer,10000.0
1052,2025-07-16,Urban,191113,Medium,0,0,Winter,10000.0
1084,2025-07-17,Urban,133368,Medium,0,0,Monsoon,10000.0
1022,2025-07-18,Suburban,21144,High,0,0,Monsoon,10000.0
1008,2025-07-19,Suburban,21909,Low,0,0,Summer,10000.0
1078,2025-07-20,Urban,53189,Medium,0,0,Winter,10000.0
1048,2025-07-21,Suburban,43788,High,0,1,Summer,10000.0
1029,2025-07-22,Suburban,60880,Medium,0,0,Monsoon,10000.0
1030,2025-07-23,Rural,5302,Low,0,0,Summer,10000.0
1077,2025-07-24,Urban,107737,High,0,0,Monsoon,10000.0
1082,2025-07-25,Suburban,33370,High,0,1,Monsoon,10000.0
1093,2025-07-26,Rural,17269,Low,0,0,Winter,10000.0
1099,2025-07-27,Urban,76243,Medium,0,0,Winter,10000.0
1006,2025-07-28,Rural,18264,Medium,0,0,Summer,10000.0
1016,2025-07-29,Rural,18859,High,0,0,Monsoon,10000.0
1049,2025-07-30,Urban,55359,Medium,1,0,Winter,10000.0
1014,2025-07-31,Urban,126135,High,0,0,Monsoon,10000.0
1064,2025-08-01,Urban,79843,Low,0,0,Winter,10000.0
1025,2025-08-02,Suburban,32919,Medium,0,0,Summer,10000.0
1055,2025-08-03,Rural,24974,Medium,0,0,Monsoon,10000.0
1066,2025-08-04,Urban,101702,High,0,0,Winter,10000.0
1009,2025-08-05,Urban,59685,High,0,0,Monsoon,10000.0
1004,2025-08-06,Suburban,65373,Medium,0,0,Monsoon,10000.0
1059,2025-08-07,Urban,159920,Medium,0,0,Monsoon,10000.0
1083,2025-08-08,Urban,174727,Medium,0,0,Monsoon,10000.0
1053,2025-08-09,Suburban,25638,Medium,0,0,Summer,10000.0
1095,2025-08-10,Urban,66097,High,0,0,Monsoon,10000.0
1012,2025-08-11,Suburban,28615,Medium,0,0,Summer,10000.0
1035,2025-08-12,Suburban,77461,High,0,0,Monsoon,10000.0
1050,2025-08-13,Rural,18620,High,1,0,Monsoon,10000.0
1009,2025-08-14,Urban,50629,High,0,0,Summer,10000.0
1093,2025-08-15,Urban,155447,Medium,0,0,Summer,10000.0
1084,2025-08-16,Urban,77598,Medium,0,0,Summer,10000.0
1069,2025-08-17,Urban,56333,Medium,0,0,Summer,10000.0
1097,2025-08-18,Rural,8904,Low,0,0,Summer,10000.0
1028,2025-08-19,Suburban,79849,Medium,0,1,Summer,10000.0
1081,2025-08-20,Urban,194395,High,0,0,Summer,10000.0
1050,2025-08-21,Suburban,59985,Medium,0,0,Winter,10000.0
1062,2025-08-22,Urban,80324,High,0,0,Monsoon,10000.0
1020,2025-08-23,Suburban,40090,Medium,0,0,Monsoon,10000.0
1012,2025-08-24,Suburban,70567,Low,1,0,Summer,10000.0
1027,2025-08-25,Rural,18016,Low,1,0,Summer,10000.0
1041,2025-08-26,Rural,7276,Medium,0,0,Summer,10000.0
1065,2025-08-27,Urban,56042,Low,0,0,Monsoon,10000.0
1038,2025-08-28,Suburban,69321,High,0,0,Monsoon,10000.0
1045,2025-08-29,Suburban,73211,Low,0,0,Summer,10000.0
1056,2025-08-30,Urban,172658,High,1,0,Winter,12142.29
1034,2025-08-31,Urban,162862,Medium,0,0,Winter,10000.0
1006,2025-09-01,Urban,151357,Low,0,0,Winter,10000.0
1022,2025-09-02,Suburban,28951,High,1,0,Winter,10000.0
1070,2025-09-03,Urban,196632,Medium,1,1,Summer,10087.84
1023,2025-09-04,Rural,23731,Low,0,0,Summer,10000.0
1065,2025-09-05,Urban,58538,Medium,0,1,Monsoon,10000.0
1065,2025-09-06,Urban,174651,Medium,0,0,Winter,10000.0
1046,2025-09-07,Urban,175551,Medium,1,0,Monsoon,10000.0
1014,2025-09-08,Urban,50102,Medium,1,0,Monsoon,10000.0
1038,2025-09-09,Urban,170969,High,0,0,Summer,10000.0
1052,2025-09-10,Urban,64817,Medium,0,0,Summer,10000.0
1076,2025-09-11,Urban,158491,Medium,0,0,Monsoon,10000.0
1077,2025-09-12,Urban,89747,Medium,0,0,Summer,10000.0
1004,2025-09-13,Suburban,47509,High,0,0,Summer,10000.0
1080,2025-09-14,Urban,130039,High,0,0,Summer,10000.0
1004,2025-09-15,Urban,156417,Medium,0,0,Winter,10000.0
1041,2025-09-16,Rural,19942,High,0,0,Monsoon,10000.0
1079,2025-09-17,Urban,56624,Medium,0,0,Monsoon,10000.0
1047,2025-09-18,Urban,148626,High,1,0,Winter,10000.0
1094,2025-09-19,Rural,15094,High,0,0,Winter,10000.0
1016,2025-09-20,Suburban,58698,Medium,1,0,Monsoon,10000.0
1019,2025-09-21,Suburban,38877,Medium,0,0,Winter,10000.0
1033,2025-09-22,Urban,173917,High,0,1,Winter,10000.0
1000,2025-09-23,Suburban,20683,Medium,0,0,Summer,10000.0
1011,2025-09-24,Urban,133650,Low,0,1,Winter,10000.0
1028,2025-09-25,Suburban,40380,Medium,0,0,Summer,10000.0
1064,2025-09-26,Urban,121470,High,0,0,Summer,10000.0
